,Zone,Disponibilité alimentaire (Kcal/personne/jour),Disponibilité alimentaire en quantité (kg/personne/an),Disponibilité de matière grasse en quantité (g/personne/jour),Disponibilité de protéines en quantité (g/personne/jour),Disponibilité intérieure,Exportations - Quantité,Importations - Quantité,Nourriture,Production,Variation de stock,Animaux Abattus,Réserves (têtes),Distance,Population,Stabilité_Politique,PIB/habt ($),PIB (M$)
0,Afghanistan,5.0,1.53,0.33,0.54,57.0,0.0,29.0,55.0,28.0,0.0,35037000,13855000,7725.0,28845766.57894737,-2.461666666666667,2073.1428571428573,59801.0
1,Afrique du Sud,143.0,35.69,9.25,14.11,2118.0,63.0,514.0,2035.0,1667.0,0.0,999478000,170721000,10913.0,50901472.2631579,-0.10944444444444446,13591.3875,691822.0
2,Albanie,85.0,16.36,6.45,6.26,47.0,0.0,38.0,47.0,13.0,4.0,11412000,7652000,1398.0,2994856.3157894737,-0.08111111111111112,11290.9,33815.0
3,Algérie,22.0,6.38,1.5,1.97,277.0,0.0,2.0,264.0,275.0,0.0,257645000,137269000,865.0,35858473.631578945,-1.2194444444444443,11208.375,401915.0
4,Allemagne,71.0,19.47,4.16,7.96,1739.0,646.0,842.0,1609.0,1514.0,-29.0,625816000,62042308,3770.0,81527014.0,0.8500000000000001,50399.7,4108937.0
5,Angola,35.0,10.56,2.22,3.6,319.0,0.0,277.0,315.0,42.0,0.0,44390000,50213000,8723.0,22917624.684210528,-0.6527777777777778,7378.25,169092.0
6,Antigua-et-Barbuda,233.0,54.1,17.55,17.77,7.0,0.0,7.0,5.0,0.0,0.0,28000,161000,6688.0,86477.36842105263,0.8705555555555555,18862.425,1631.0
7,Arabie saoudite,151.0,43.36,9.38,15.57,1435.0,10.0,722.0,1435.0,616.0,-108.0,652421000,208398000,3365.0,26950353.52631579,-0.3661111111111111,47315.0375,1275157.0
8,Argentine,182.0,42.24,13.84,13.53,1962.0,207.0,8.0,1856.0,2161.0,0.0,764700000,115536000,13197.0,40553959.7368421,-0.07111111111111111,23023.2625,933684.0
9,Arménie,54.0,16.06,3.39,5.44,47.0,0.0,35.0,47.0,11.0,-2.0,7745000,4318000,3529.0,2949849.052631579,-0.15444444444444447,10451.45,30830.0
10,Australie,192.0,47.65,13.45,16.6,1171.0,42.0,16.0,1171.0,1269.0,71.0,677632000,111189000,16856.0,21785345.10526316,0.9794444444444443,46457.3375,1012089.0
11,Autriche,65.0,18.2,3.66,7.49,173.0,78.0,110.0,160.0,148.0,8.0,100313000,62042308,1976.0,8417649.789473685,1.141111111111111,52668.625,443346.0
12,Azerbaïdjan,44.0,13.11,2.77,4.45,129.0,0.0,27.0,129.0,104.0,2.0,105390000,29624000,3529.0,8975520.894736841,-0.7188888888888889,13120.175,117760.0
13,Bahamas,182.0,43.17,13.33,14.61,26.0,4.0,24.0,16.0,6.0,4.0,5305000,3181000,7861.0,345386.94736842107,0.953888888888889,36497.3875,12606.0
14,Bangladesh,7.0,1.5,0.51,0.47,250.0,-1.0,0.0,240.0,249.0,0.0,308835000,304106000,10613.0,145540913.57894737,-1.3144444444444445,4164.575,606116.0
15,Barbade,199.0,46.78,14.85,15.33,17.0,0.0,2.0,13.0,15.0,0.0,8347000,4240000,6652.0,280133.5263157895,1.083888888888889,15393.8375,4312.0
16,Belgique,44.0,12.65,2.71,4.57,152.0,656.0,338.0,144.0,463.0,-6.0,302558000,36946000,3514.0,10859220.684210526,0.7777777777777778,48631.9875,528105.0
17,Belize,110.0,25.69,8.37,8.26,19.0,0.0,0.0,10.0,20.0,1.0,11215000,1687000,9238.0,314961.6842105263,0.15833333333333333,7088.6625,2233.0
18,Bolivie (État plurinational de),155.0,36.0,11.91,11.43,429.0,1.0,1.0,403.0,533.0,103.0,168716000,217662000,14329.0,9886539.789473685,-0.4955555555555555,7617.2625,75308.0
19,Bosnie-Herzégovine,56.0,16.7,3.51,5.66,55.0,8.0,10.0,56.0,61.0,8.0,40445000,8727000,1643.0,3634926.263157895,-0.43722222222222223,12077.4625,43901.0
20,Botswana,12.0,3.39,0.71,1.19,7.0,0.0,3.0,7.0,5.0,0.0,2658000,908000,10912.0,1938693.7368421052,1.0205555555555557,14894.6375,28876.0
21,Brésil,204.0,48.03,15.34,15.68,9982.0,4223.0,3.0,9982.0,14201.0,0.0,6184124000,1530669000,9896.0,193259710.63157895,-0.15666666666666665,14667.8375,2834702.0
22,Bulgarie,81.0,22.06,4.9,8.74,157.0,45.0,108.0,157.0,107.0,13.0,51659000,62042308,2582.0,7495538.421052632,0.2683333333333333,18991.7625,142353.0
23,Burkina Faso,8.0,2.27,0.48,0.77,46.0,0.0,0.0,44.0,46.0,0.0,171956000,41137000,6649.0,15341244.631578946,-0.3316666666666667,1873.975,28749.0
24,Bélarus,95.0,27.98,6.06,9.41,265.0,152.0,21.0,264.0,463.0,67.0,385692000,32367000,5157.0,9529811.210526315,0.21,17270.75,164587.0
25,Bénin,37.0,14.4,1.71,4.98,161.0,0.0,123.0,161.0,18.0,-20.0,29100000,23092000,6733.0,9031221.684210526,0.32666666666666666,2900.4375,26194.0
26,Cabo Verde,62.0,17.62,3.75,6.52,10.0,3.0,12.0,9.0,1.0,4.0,550000,1000000,3783.0,486952.0,0.8338888888888889,6160.175,3000.0
27,Cambodge,11.0,2.34,0.85,0.74,38.0,0.0,10.0,37.0,28.0,0.0,17400000,12735000,12190.0,14158490.631578946,-0.2833333333333333,3302.2125,46754.0
28,Cameroun,11.0,3.16,0.67,1.07,82.0,0.0,0.0,78.0,81.0,0.0,106577000,56172000,7382.0,20004731.263157893,-0.6633333333333333,3448.05,68977.0
29,Canada,154.0,39.02,10.54,13.86,1433.0,163.0,182.0,1433.0,1417.0,3.0,770131000,173199000,6159.0,33760630.368421055,1.0750000000000002,46231.2125,1560795.0
30,Chili,153.0,36.36,11.22,12.21,672.0,115.0,155.0,672.0,712.0,80.0,291642000,114515000,14329.0,16919700.36842105,0.548888888888889,23130.8875,391368.0
31,Chine - RAS de Hong-Kong,210.0,53.51,12.7,22.26,280.0,663.0,907.0,391.0,24.0,-12.0,23717000,4298000,8484.47,6947952.52631579,1.0027777777777778,54737.3375,380312.0
32,Chine - RAS de Macao,142.0,34.47,10.08,11.9,19.0,0.0,23.0,21.0,3.0,8.0,3746000,797000,8484.47,529416.947368421,0.911111111111111,126543.575,66994.0
33,"Chine, Taiwan Province de",126.0,33.17,8.7,11.01,785.0,8.0,161.0,785.0,652.0,20.0,395868000,100232000,8484.47,23010598.684210528,0.7611111111111111,20885.69,480592.0
34,"Chine, continentale",59.0,12.33,4.67,3.96,18161.0,576.0,452.0,17518.0,18236.0,-50.0,11091585000,5118297000,8484.47,1360829342.2105262,-0.51,20885.69,28421860.0
35,Chypre,91.0,25.08,5.54,9.58,38.0,1.0,14.0,30.0,25.0,0.0,13322000,62042308,2404.0,1082620.3157894737,0.5133333333333333,35541.7375,38478.0
36,Colombie,111.0,31.99,7.69,9.57,1643.0,2.0,78.0,1565.0,1564.0,-4.0,1089376000,222131000,8355.0,44610697.10526316,-1.5427777777777778,13239.3,590614.0
37,Congo,72.0,21.53,4.47,7.45,110.0,0.0,104.0,110.0,7.0,0.0,6812000,3006000,8102.0,4142352.052631579,-0.701111111111111,4840.025,20049.0
38,Costa Rica,92.0,26.52,6.36,7.93,134.0,3.0,17.0,131.0,133.0,13.0,81171000,25938000,9100.0,4507289.315789473,0.6483333333333333,18427.3375,83057.0
39,Croatie,37.0,10.77,2.2,4.06,45.0,17.0,24.0,45.0,61.0,22.0,39351000,11629000,1904.0,4318940.842105263,0.5983333333333333,24593.25,106217.0
40,Cuba,82.0,23.72,5.7,7.12,342.0,-1.0,312.0,269.0,29.0,-1.0,17918000,36919000,8717.0,11255496.578947369,0.4383333333333333,17775.98,200077.0
41,Côte d'Ivoire,8.0,2.53,0.53,0.86,65.0,0.0,7.0,62.0,58.0,0.0,67319000,88248000,6085.0,20339697.789473683,-1.4583333333333333,4361.2,88705.0
42,Danemark,112.0,28.98,6.34,12.97,167.0,139.0,133.0,166.0,173.0,0.0,102215000,62042308,4571.0,5534595.894736842,1.0655555555555556,52783.0,292133.0
43,Djibouti,9.0,2.68,0.59,0.92,3.0,0.0,3.0,3.0,0.0,0.0,127007488,47328628,4502.0,834018.8421052631,-0.24777777777777776,4574.783333333334,3815.0
44,Dominique,150.0,35.19,11.26,11.52,4.0,0.0,4.0,3.0,0.0,0.0,368000,202000,6718.0,70728.57894736843,0.9088888888888889,11545.075,817.0
45,El Salvador,71.0,20.43,4.9,6.25,131.0,2.0,16.0,131.0,136.0,20.0,120175000,17937000,10306.0,6158180.894736842,-0.012222222222222225,7967.2625,49064.0
46,Espagne,105.0,30.39,5.72,12.47,1497.0,212.0,205.0,1418.0,1515.0,11.0,680711000,62042308,1070.0,45170044.78947368,0.04666666666666667,37188.5,1679806.0
47,Estonie,86.0,21.26,6.03,7.27,29.0,11.0,21.0,28.0,20.0,2.0,305117757,2032000,5187.0,1343579.7894736843,0.695,29843.625,40097.0
48,Eswatini,22.0,6.46,1.37,2.23,7.0,0.0,2.0,7.0,6.0,0.0,5783000,3781000,8164.22,1062161.7368421052,-0.22166666666666668,7930.225,8423.0
49,Fidji,97.0,28.02,6.26,9.44,26.0,0.0,3.0,25.0,23.0,1.0,13017000,5629000,19335.0,846376.3684210526,0.2677777777777778,12081.0,10225.0
50,Finlande,68.0,18.76,3.76,7.87,111.0,12.0,16.0,103.0,129.0,22.0,80949000,8499000,5203.0,5350036.47368421,1.4,45381.3625,242792.0
51,France,92.0,22.9,6.03,8.95,1573.0,501.0,506.0,1485.0,1750.0,183.0,761550000,239840000,2955.97,62374183.89473684,0.4316666666666667,43159.075,2692012.0
52,Fédération de Russie,104.0,30.98,6.55,10.44,4556.0,115.0,226.0,4509.0,4444.0,-1.0,2448906000,472674000,3530.0,144460586.89473686,-0.9538888888888888,24556.8,3547490.0
53,Gabon,99.0,29.33,5.98,10.59,78.0,0.0,76.0,61.0,4.0,2.0,5071000,3344000,7581.0,1617271.2631578948,0.22388888888888892,15381.2,24876.0
54,Gambie,12.0,3.53,0.75,1.24,8.0,10.0,16.0,8.0,2.0,10.0,1573000,1346000,4035.0,1762956.6842105263,0.08722222222222223,2112.8375,3725.0
55,Ghana,16.0,7.24,0.73,2.26,211.0,0.0,151.0,211.0,60.0,0.0,107188000,96950000,6506.0,24284884.789473683,-0.008888888888888887,4621.7375,112238.0
56,Grenade,192.0,45.7,13.99,15.5,8.0,0.0,7.0,5.0,1.0,0.0,550000,271000,6875.0,106517.47368421052,0.6694444444444445,14547.0875,1550.0
57,Grèce,53.0,15.32,2.89,6.32,178.0,29.0,79.0,162.0,246.0,118.0,142189000,62042308,1600.0,10931006.736842105,0.18722222222222223,28455.4875,311047.0
58,Guatemala,71.0,20.58,4.95,6.11,357.0,7.0,129.0,348.0,235.0,0.0,206804000,39036000,10592.0,14366598.52631579,-0.7283333333333333,7860.0375,112922.0
59,Guinée,14.0,4.08,0.84,1.42,50.0,0.0,37.0,49.0,13.0,0.0,8690000,35950000,4691.0,10080103.0,-1.3199999999999998,2132.9,21500.0
60,Guinée-Bissau,7.0,2.16,0.46,0.74,4.0,3.0,4.0,4.0,3.0,3.0,3680000,2113000,4312.0,1505153.4210526317,-0.6122222222222222,1810.825,2726.0
61,Guyana,165.0,38.34,12.55,12.33,32.0,0.0,0.0,30.0,31.0,-1.0,32386000,30068000,6818.0,754403.2105263158,-0.4138888888888889,11036.875,8326.0
62,Géorgie,51.0,15.27,3.21,5.19,61.0,5.0,51.0,61.0,22.0,6.0,16898000,9980000,3616.0,4136363.6315789474,-0.7122222222222222,11702.7,48407.0
63,Haïti,31.0,8.91,2.11,2.75,98.0,0.0,89.0,98.0,9.0,0.0,9612000,5882000,7620.0,9797120.789473685,-1.0433333333333334,3072.4875,30102.0
64,Honduras,93.0,21.73,7.11,6.98,205.0,1.0,12.0,205.0,193.0,-1.0,118566000,49168000,9254.0,8119561.894736842,-0.43833333333333335,5173.325,42005.0
65,Hongrie,104.0,25.27,6.93,9.8,266.0,210.0,58.0,246.0,493.0,74.0,188845000,28888000,1976.0,9960455.157894736,0.8172222222222222,26555.3,264503.0
66,Inde,7.0,2.22,0.47,0.75,3661.0,4.0,0.0,2965.0,3545.0,-119.0,2732466000,807651000,7847.0,1212290635.1052632,-1.1366666666666667,5138.7,6229598.0
67,Indonésie,25.0,7.19,1.61,2.42,2323.0,0.0,1.0,1904.0,2301.0,-21.0,4573210000,3478147000,11695.0,239134891.0526316,-1.04,9626.95,2302140.0
68,Iran (République islamique d'),96.0,27.52,5.99,9.8,2220.0,45.0,6.0,2220.0,2174.0,-86.0,1881311000,1030666000,7623.0,73239258.63157895,-1.0444444444444445,14606.3375,1069757.0
69,Iraq,52.0,14.95,3.23,5.37,566.0,0.0,470.0,561.0,96.0,0.0,91059000,62862000,8280.0,30122744.57894737,-2.321111111111111,10130.375,305155.0
70,Irlande,100.0,25.82,5.66,11.6,128.0,93.0,99.0,123.0,110.0,-12.0,99846000,62042308,3481.0,4373397.368421053,1.1227777777777779,64660.174999999996,282785.0
71,Islande,104.0,29.95,5.7,12.33,10.0,0.0,2.0,10.0,10.0,1.0,5521000,220000,4583.0,311227.2105263158,1.3577777777777778,51231.95,15945.0
72,Israël,234.0,67.39,12.83,27.87,636.0,3.0,0.0,556.0,629.0,-10.0,495605000,47093000,2284.0,7151018.157894737,-1.193888888888889,36692.575,262389.0
73,Italie,65.0,18.88,3.48,7.83,1173.0,183.0,97.0,1146.0,1315.0,56.0,581805000,62042308,516.0,59040792.315789476,0.4816666666666667,41179.3375,2431261.0
74,Jamaïque,178.0,51.1,12.18,15.71,152.0,1.0,31.0,149.0,128.0,7.0,75253000,14088000,8108.0,2798019.6842105263,-0.07277777777777777,9500.7125,26583.0
75,Japon,67.0,18.5,3.95,7.24,2415.0,10.0,1069.0,2359.0,2215.0,859.0,845441000,323031000,16455.0,128112180.36842105,1.0294444444444446,39835.2625,5103382.0
76,Jordanie,98.0,28.07,6.04,10.1,275.0,10.0,64.0,275.0,210.0,-10.0,219731000,30626000,2817.0,7218841.157894737,-0.39444444444444443,10041.1125,72485.0
77,Kazakhstan,61.0,18.27,3.86,6.18,331.0,6.0,174.0,330.0,171.0,8.0,143131000,46174000,3529.0,16281380.842105264,0.14944444444444444,22495.45,366257.0
78,Kenya,2.0,0.67,0.14,0.23,35.0,0.0,0.0,34.0,35.0,0.0,63893000,59020000,7738.0,41203609.10526316,-1.2327777777777778,3957.9125,163080.0
79,Kirghizistan,11.0,3.1,0.73,1.08,32.0,0.0,25.0,19.0,7.0,-1.0,5093000,4593000,7725.0,5450853.47368421,-0.835,4573.6375,24930.0
80,Kiribati,63.0,17.98,3.81,6.65,2.0,0.0,1.0,2.0,1.0,0.0,1104000,651000,17080.0,100238.68421052632,1.1775,2077.65,208.0
81,Koweït,156.0,46.25,9.79,15.87,189.0,4.0,137.0,188.0,56.0,0.0,48978000,57371000,8248.0,2946550.210526316,0.24611111111111109,55439.325,163355.0
82,Lesotho,27.0,7.93,1.71,2.72,17.0,0.0,15.0,17.0,2.0,1.0,1165000,362000,10912.0,2025955.105263158,0.017222222222222226,2535.675,5137.0
83,Lettonie,72.0,20.89,4.53,7.22,41.0,20.0,43.0,41.0,33.0,16.0,21213000,62042308,5031.0,2150026.6842105263,0.5505555555555556,24995.4875,53741.0
84,Liban,38.0,10.74,2.33,3.9,73.0,4.0,13.0,73.0,64.0,0.0,64089000,67770000,2438.0,5240519.421052632,-1.3977777777777778,16294.4,85391.0
85,Libéria,36.0,10.67,2.25,3.74,50.0,0.0,48.0,50.0,15.0,12.0,17408000,8488000,5665.0,3770713.947368421,-1.0122222222222221,1630.8375,6149.0
86,Lituanie,96.0,28.19,6.03,9.74,82.0,68.0,44.0,80.0,118.0,12.0,46929000,8124000,5156.0,3168619.052631579,0.7761111111111112,28938.125,91694.0
87,Luxembourg,69.0,18.33,4.28,7.19,11.0,1.0,11.0,11.0,0.0,0.0,0,171000,3456.0,505092.4210526316,1.42,112163.3125,56653.0
88,Macédoine du Nord,68.0,19.73,4.17,7.01,41.0,1.0,40.0,41.0,2.0,0.0,2289000,1484000,8164.22,2066242.7894736843,-0.5177777777777778,14400.325,29755.0
89,Madagascar,14.0,2.87,1.13,0.97,82.0,-1.0,0.0,73.0,81.0,0.0,66076000,42735000,9070.0,20728725.42105263,-0.28944444444444445,1564.325,32426.0
90,Malaisie,142.0,39.21,9.65,12.95,1621.0,44.0,68.0,1220.0,1724.0,128.0,622830000,302779000,10657.0,27549275.263157893,0.21555555555555556,23672.4875,652160.0
91,Malawi,17.0,5.17,1.09,1.74,98.0,32.0,0.0,91.0,130.0,33.0,42117000,19232000,8046.0,14325500.0,-0.044444444444444446,1408.7125,20181.0
92,Maldives,47.0,13.5,2.94,4.7,12.0,0.0,12.0,7.0,0.0,0.0,797506854,382666585,7817.0,373134.2631578947,0.3466666666666667,17060.8375,6366.0
93,Mali,9.0,2.83,0.6,0.96,52.0,-3.0,1.0,52.0,48.0,-4.0,79951000,54703000,4691.0,14707050.94736842,-0.6305555555555555,2071.8625,30471.0
94,Malte,103.0,27.17,5.41,12.68,14.0,0.0,9.0,12.0,4.0,-1.0,2494000,62042308,905.0,415221.2631578947,1.26,37803.3,15697.0
95,Maroc,70.0,20.96,4.35,7.29,746.0,1.0,3.0,746.0,762.0,17.0,726873000,217462000,1106.0,32149375.05263158,-0.3938888888888889,6715.825,215910.0
96,Maurice,128.0,37.93,8.05,13.06,49.0,0.0,2.0,48.0,48.0,0.0,49684000,16547000,9558.0,1236374.4210526317,0.8983333333333334,18986.6,23475.0
97,Mauritanie,11.0,5.14,0.51,1.59,22.0,7.0,24.0,22.0,5.0,6.0,6074000,4773000,3083.0,3440993.789473684,-0.48944444444444446,4886.525,16815.0
98,Mexique,123.0,32.52,9.27,9.26,4219.0,9.0,972.0,4058.0,3249.0,-6.0,2013347000,604682000,11767.0,112468334.21052632,-0.5777777777777778,19037.175,2141079.0
99,Mongolie,9.0,2.77,0.59,0.95,9.0,1.0,10.0,9.0,0.0,1.0,170000,1150000,15425.0,2720309.6315789474,0.7316666666666667,10088.175,27443.0
100,Monténégro,55.0,15.98,3.37,5.79,10.0,0.0,8.0,10.0,4.0,1.0,2401000,609000,1639.0,624594.3076923077,0.35461538461538467,18469.87142857143,11536.0
101,Mozambique,13.0,3.59,0.82,1.2,116.0,0.0,24.0,103.0,92.0,-1.0,45236000,20981000,10559.0,23147574.684210528,-0.027222222222222234,1155.3875,26744.0
102,Myanmar,116.0,30.37,8.11,9.93,1666.0,0.0,3.0,1621.0,1662.0,-1.0,416111000,98000000,10280.0,50335159.84210526,-1.1277777777777778,3417.75,172033.0
103,Namibie,40.0,11.53,2.38,4.25,28.0,12.0,29.0,28.0,11.0,0.0,13068000,4302000,9636.0,2094651.7894736843,0.7038888888888889,9778.55,20483.0
104,Nicaragua,93.0,21.59,7.08,6.91,138.0,0.0,6.0,138.0,143.0,11.0,62553000,25855000,8932.0,5754678.631578947,-0.26166666666666666,5366.8625,30885.0
105,Niger,3.0,0.94,0.2,0.32,21.0,0.0,3.0,20.0,19.0,0.0,25335000,20836000,6732.0,16239411.0,-0.7761111111111112,1111.15,18044.0
106,Nigéria,2.0,1.01,0.1,0.31,202.0,0.0,0.0,192.0,201.0,0.0,241188000,168564000,6865.0,156125595.57894737,-1.9099999999999997,5012.3875,782562.0
107,Norvège,66.0,19.05,3.61,7.81,102.0,0.0,2.0,101.0,101.0,1.0,72604000,16336000,4221.0,4869167.7894736845,1.2755555555555556,62233.8625,303027.0
108,Nouvelle-Calédonie,136.0,38.71,8.42,14.05,11.0,-1.0,9.0,11.0,1.0,-1.0,458000,534000,18316.0,249919.31578947368,0.71,14387.04,3596.0
109,Nouvelle-Zélande,140.0,34.79,9.77,12.02,168.0,23.0,1.0,164.0,223.0,32.0,118763000,25675000,19819.0,4318454.0,1.357222222222222,39893.575,172279.0
110,Népal,7.0,1.99,0.42,0.67,58.0,0.0,0.0,55.0,58.0,0.0,272848000,73418000,10611.0,26322693.10526316,-1.4166666666666667,3154.1875,83027.0
111,Oman,73.0,21.63,4.58,7.38,114.0,16.0,126.0,101.0,7.0,2.0,8287000,4860000,5857.0,3206863.0,0.7955555555555556,35385.9125,113478.0
112,Ouganda,5.0,1.52,0.32,0.51,66.0,0.0,0.0,62.0,65.0,0.0,51142000,35796000,7737.0,32022810.684210528,-1.0172222222222222,1956.4875,62652.0
114,Pakistan,20.0,5.86,1.25,1.97,1282.0,4.0,2.0,1218.0,1281.0,-3.0,1533000000,1578000000,7725.0,176144350.52631578,-2.227777777777778,4698.675,827645.0
115,Panama,117.0,33.82,8.02,10.34,192.0,0.0,20.0,139.0,198.0,25.0,131886000,27771000,8825.0,3587594.3157894737,0.08888888888888889,26598.3125,95424.0
116,Paraguay,22.0,5.99,1.61,1.8,41.0,4.0,1.0,41.0,45.0,0.0,75053000,22543000,11778.0,6159536.578947368,-0.5772222222222223,11411.7375,70291.0
117,Pays-Bas,70.0,20.33,3.74,8.48,372.0,1418.0,608.0,346.0,1100.0,-82.0,520812000,99887000,3456.0,16578992.210526315,1.0427777777777778,52635.1,872637.0
118,Philippines,48.0,13.87,3.11,4.65,1521.0,2.0,249.0,1459.0,1272.0,-3.0,1123702000,176820000,13612.0,92498128.73684211,-1.3327777777777776,7010.9,648495.0
119,Pologne,107.0,30.3,6.18,12.14,1156.0,1025.0,55.0,1150.0,2351.0,225.0,1121028000,168629000,5014.0,38273294.7368421,0.6866666666666666,26542.7625,1015879.0
120,Polynésie française,167.0,47.4,10.86,16.2,15.0,0.0,15.0,13.0,1.0,0.0,662000,329000,17097.0,263251.2105263158,0.71,14387.04,3787.0
121,Portugal,109.0,30.58,6.02,12.74,325.0,44.0,82.0,315.0,361.0,74.0,206204000,10056000,1730.0,10451079.894736841,0.9783333333333333,31384.875,328006.0
122,Pérou,62.0,13.47,3.72,6.71,1523.0,1.0,60.0,424.0,1465.0,0.0,776641000,189375000,10735.0,28921384.789473683,-0.7761111111111112,11375.2,328987.0
123,Roumanie,66.0,19.37,3.65,7.91,381.0,69.0,146.0,381.0,392.0,88.0,271735000,62042308,2858.0,20764101.42105263,0.15444444444444447,22923.825,475993.0
124,Royaume-Uni de Grande-Bretagne et d'Irlande du Nord,120.0,31.94,6.74,13.77,2234.0,359.0,779.0,2131.0,1814.0,0.0,1172000000,180000000,3226.0,62778294.631578945,0.41888888888888887,44145.025,2771349.0
125,Rwanda,5.0,1.49,0.31,0.5,19.0,0.0,0.0,18.0,19.0,0.0,6622000,5776000,8046.0,9915396.52631579,-0.5249999999999999,1744.05,17293.0
126,République centrafricaine,8.0,2.29,0.48,0.78,11.0,0.0,4.0,11.0,7.0,0.0,7407000,7175000,7382.0,4232540.421052632,-1.8377777777777777,946.375,4006.0
127,République de Corée,62.0,16.7,4.21,5.68,854.0,6.0,137.0,854.0,838.0,115.0,1052226000,177194000,16167.0,49442438.421052635,0.3538888888888889,36946.0125,1826701.0
128,République de Moldova,55.0,16.14,3.46,5.53,66.0,0.0,16.0,66.0,54.0,5.0,38901000,43459000,2857.0,4115405.3684210526,-0.2488888888888889,9940.575,40909.0
129,République dominicaine,123.0,35.26,8.46,10.88,375.0,6.0,42.0,371.0,339.0,0.0,212427000,181540000,7356.0,9567452.789473685,0.007222222222222219,14585.7375,139548.0
131,République populaire démocratique de Corée,8.0,1.62,0.63,0.49,43.0,0.0,0.0,41.0,43.0,0.0,29849000,17327000,16862.0,24370715.789473683,-0.17666666666666664,20885.69,508999.0
132,République-Unie de Tanzanie,6.0,1.88,0.41,0.63,108.0,-1.0,2.0,103.0,105.0,0.0,85126000,39503000,8047.0,43766733.94736842,-0.36944444444444446,2243.1875,98177.0
133,Saint-Kitts-et-Nevis,190.0,55.77,11.91,19.22,4.0,0.0,4.0,3.0,0.0,0.0,42000,90000,6779.0,48496.57894736842,0.931875,25225.175,1223.0
134,Saint-Vincent-et-les Grenadines,243.0,72.31,15.06,25.1,8.0,1.0,9.0,8.0,0.0,1.0,451000,252000,6838.0,108640.21052631579,0.8827777777777778,12138.0875,1319.0
135,Sainte-Lucie,241.0,56.69,17.86,19.0,11.0,0.0,10.0,10.0,1.0,0.0,1134000,468000,6760.0,170494.31578947368,0.8805555555555555,14359.7125,2448.0
136,Samoa,217.0,64.77,13.68,21.88,15.0,0.0,17.0,13.0,0.0,2.0,502000,458000,19141.0,185145.7894736842,1.0944444444444443,5915.425,1095.0
137,Sao Tomé-et-Principe,33.0,9.47,2.1,3.21,2.0,1.0,2.0,2.0,1.0,1.0,996000,305000,7335.0,175418.63157894736,0.31555555555555553,3765.7000000000003,661.0
138,Serbie,35.0,10.16,2.24,3.5,90.0,7.0,12.0,90.0,85.0,0.0,64481000,15122000,1642.0,8954308.461538462,-0.19153846153846155,15906.442857142858,142431.0
139,Sierra Leone,10.0,3.97,0.52,1.24,30.0,0.0,14.0,30.0,17.0,0.0,23381000,25247000,4911.0,6211695.2105263155,-0.38166666666666665,1633.45,10146.0
140,Slovaquie,48.0,13.9,3.04,4.74,74.0,35.0,63.0,76.0,71.0,26.0,305117757,10136000,1976.0,5413293.0,0.9094444444444445,26908.5,145664.0
141,Slovénie,83.0,24.41,5.05,8.72,52.0,29.0,20.0,51.0,72.0,11.0,39115000,4671000,1978.0,2031031.0526315789,1.0083333333333333,33420.325,67878.0
142,Soudan,5.0,1.6,0.34,0.54,69.0,0.0,2.0,65.0,67.0,0.0,32029000,51477000,3189.0,38944186.71428572,-2.1585714285714284,4580.285714285715,178376.0
143,Sri Lanka,26.0,7.78,1.64,2.64,192.0,2.0,0.0,164.0,192.0,-1.0,180838000,24311000,8395.0,20078099.10526316,-0.8572222222222222,11087.875,222623.0
144,Suisse,55.0,15.72,3.07,6.49,133.0,4.0,51.0,133.0,91.0,5.0,82456000,12568000,0.0,7765818.052631579,1.3250000000000002,67097.45,521067.0
145,Suriname,112.0,31.06,7.97,9.27,25.0,5.0,18.0,18.0,10.0,-2.0,7690000,6277000,6476.0,523378.63157894736,0.17777777777777778,18558.3125,9713.0
146,Suède,61.0,16.6,3.39,7.09,187.0,23.0,84.0,164.0,157.0,31.0,112403000,10315000,4178.0,9351410.684210526,1.1794444444444445,49151.0125,459631.0
147,Sénégal,16.0,4.76,1.0,1.61,77.0,0.0,0.0,73.0,77.0,0.0,92362000,92805000,3849.0,12520268.631578946,-0.205,2947.15,36899.0
148,Tadjikistan,18.0,4.45,1.31,1.45,40.0,0.0,38.0,39.0,2.0,0.0,14813000,20925000,7725.0,7475051.105263158,-1.037222222222222,2797.375,20911.0
149,Tchad,2.0,0.45,0.1,0.15,7.0,0.0,1.0,7.0,6.0,0.0,8099000,6169000,7382.0,11706638.368421054,-1.4461111111111111,1630.075,19083.0
150,Tchéquie,82.0,21.96,5.49,7.5,249.0,27.0,116.0,234.0,163.0,3.0,124630000,62042308,3768.0,10447783.736842105,0.9500000000000001,34831.7625,363915.0
151,Thaïlande,47.0,12.95,3.19,4.35,881.0,796.0,2.0,896.0,1676.0,1.0,1293884000,288966000,12690.0,66651127.7368421,-0.8461111111111111,15680.95,1045153.0
152,Timor-Leste,14.0,4.24,0.9,1.46,5.0,7.0,11.0,5.0,1.0,7.0,663000,856000,13839.0,1073634.5789473683,-0.3661111111111111,3103.7875,3332.0
153,Togo,24.0,7.06,1.49,2.39,54.0,0.0,16.0,54.0,40.0,1.0,30832000,28081000,6649.0,6311387.7894736845,-0.3794444444444445,1885.8625000000002,11902.0
154,Trinité-et-Tobago,189.0,54.54,13.05,16.63,76.0,0.0,23.0,75.0,61.0,8.0,30345000,39045000,6959.0,1325239.4210526317,0.031111111111111114,27522.9375,36474.0
155,Tunisie,57.0,17.03,3.39,6.28,195.0,4.0,0.0,195.0,213.0,15.0,110673000,99209000,756.0,10558774.315789474,-0.29888888888888887,10680.7375,112775.0
156,Turkménistan,15.0,4.52,0.95,1.53,27.0,2.0,9.0,26.0,20.0,2.0,14747000,15677000,7622.0,5085584.684210527,0.11166666666666668,11840.625,60217.0
157,Turquie,71.0,20.64,4.5,6.99,1674.0,429.0,3.0,1674.0,2192.0,92.0,1243409000,391394000,2433.0,72055267.84210527,-1.0622222222222222,24452.4375,1761927.0
158,Ukraine,78.0,22.62,5.11,7.58,1009.0,273.0,121.0,1006.0,1211.0,49.0,726846000,183543000,3171.0,46191965.631578945,-0.6927777777777778,11604.775,536047.0
159,Uruguay,33.0,9.12,2.23,2.97,33.0,3.0,3.0,31.0,33.0,0.0,32549000,40744000,11778.0,3363387.8947368423,0.8694444444444445,21345.9875,71795.0
160,Vanuatu,40.0,11.66,2.48,4.05,3.0,2.0,4.0,3.0,1.0,1.0,677000,524000,18329.0,233989.8947368421,1.0083333333333333,3017.0875,706.0
161,Venezuela (République bolivarienne du),71.0,20.28,4.39,7.23,626.0,0.0,25.0,596.0,600.0,-1.0,249649000,125132000,7584.0,27706314.789473683,-1.1672222222222224,15152.11,419809.0
162,Viet Nam,48.0,12.33,3.4,4.01,1206.0,1.0,291.0,1166.0,918.0,2.0,802354000,526300000,12350.0,87385724.05263157,0.22388888888888892,7559.287499999999,660574.0
163,Yémen,30.0,8.53,1.85,3.04,246.0,0.0,78.0,237.0,168.0,0.0,197138000,71621000,4675.0,22694117.05263158,-2.1077777777777778,20885.69,473982.0
164,Zambie,11.0,3.42,0.72,1.15,60.0,1.0,12.0,58.0,49.0,0.0,49945000,41230000,10558.0,13492231.736842105,0.26944444444444443,3262.2375,44015.0
165,Zimbabwe,16.0,4.68,0.99,1.59,76.0,-1.0,6.0,67.0,69.0,0.0,74520000,17031000,10558.0,12806372.52631579,-0.9838888888888889,3814.8125,48854.0
166,Égypte,50.0,12.96,3.42,4.51,1250.0,1.0,110.0,1250.0,1118.0,-23.0,1609832000,176564000,2026.0,82271869.0,-0.9750000000000001,10304.5875,847778.0
167,Émirats arabes unis,147.0,43.47,9.25,14.8,412.0,94.0,433.0,412.0,48.0,-26.0,44037000,25930000,7584.0,6923823.368421053,0.8305555555555555,68523.35,474444.0
168,Équateur,83.0,19.31,6.35,6.15,341.0,0.0,0.0,324.0,340.0,-1.0,208140000,169782000,10101.0,14797818.05263158,-0.5233333333333333,11266.55,166720.0
169,États-Unis d'Amérique,219.0,55.68,14.83,19.93,18266.0,3692.0,123.0,18100.0,21914.0,80.0,9325584000,1522000000,9673.0,305511137.3684211,0.43,57292.025,17503352.0
170,Éthiopie,0.0,0.13,0.03,0.04,14.0,1.0,1.0,14.0,14.0,0.0,87601000,59289000,4388.0,86244558.89473684,-1.501111111111111,1645.7625,141938.0
171,Îles Salomon,18.0,4.45,1.31,1.51,3.0,0.0,6.0,3.0,0.0,3.0,354000,246000,16976.0,522872.2631578947,0.18,2550.4375,1334.0
